<?xml version="1.0" encoding="utf-8" standalone="no"?>
<problem revision="4" short-name="ft-mimo" url="https://polygon.codeforces.com/p5Nj69p/A7md_lbanna/ft-mimo">
    <names>
        <name language="english" value="Bad Cards"/>
    </names>
    <statements>
        <statement charset="UTF-8" language="english" mathjax="true" path="statements/english/problem.tex" type="application/x-tex"/>
        <statement charset="UTF-8" language="english" mathjax="true" path="statements/.html/english/problem.html" type="text/html"/>
        <statement language="english" path="statements/.pdf/english/problem.pdf" type="application/pdf"/>
    </statements>
    <judging cpu-name="Intel(R) Core(TM) i3-8100 CPU @ 3.60GHz" cpu-speed="3600" input-file="" output-file="" run-count="1">
        <testset name="tests">
            <time-limit>1000</time-limit>
            <memory-limit>268435456</memory-limit>
            <test-count>1002</test-count>
            <input-path-pattern>tests/%02d</input-path-pattern>
            <answer-path-pattern>tests/%02d.a</answer-path-pattern>
            <tests>
                <test method="manual" sample="true"/>
                <test method="manual"/>
                <test method="manual"/>
                <test method="manual"/>
                <test method="manual"/>
                <test method="manual"/>
                <test description="File &quot;out0&quot;" method="manual"/>
                <test description="File &quot;out1&quot;" method="manual"/>
                <test description="File &quot;out2&quot;" method="manual"/>
                <test description="File &quot;out3&quot;" method="manual"/>
                <test description="File &quot;out4&quot;" method="manual"/>
                <test description="File &quot;out5&quot;" method="manual"/>
                <test description="File &quot;out6&quot;" method="manual"/>
                <test description="File &quot;out7&quot;" method="manual"/>
                <test description="File &quot;out8&quot;" method="manual"/>
                <test description="File &quot;out9&quot;" method="manual"/>
                <test description="File &quot;out10&quot;" method="manual"/>
                <test description="File &quot;out11&quot;" method="manual"/>
                <test description="File &quot;out12&quot;" method="manual"/>
                <test description="File &quot;out13&quot;" method="manual"/>
                <test description="File &quot;out14&quot;" method="manual"/>
                <test description="File &quot;out15&quot;" method="manual"/>
                <test description="File &quot;out16&quot;" method="manual"/>
                <test description="File &quot;out17&quot;" method="manual"/>
                <test description="File &quot;out18&quot;" method="manual"/>
                <test description="File &quot;out19&quot;" method="manual"/>
                <test description="File &quot;out20&quot;" method="manual"/>
                <test description="File &quot;out21&quot;" method="manual"/>
                <test description="File &quot;out22&quot;" method="manual"/>
                <test description="File &quot;out23&quot;" method="manual"/>
                <test description="File &quot;out24&quot;" method="manual"/>
                <test description="File &quot;out25&quot;" method="manual"/>
                <test description="File &quot;out26&quot;" method="manual"/>
                <test description="File &quot;out27&quot;" method="manual"/>
                <test description="File &quot;out28&quot;" method="manual"/>
                <test description="File &quot;out29&quot;" method="manual"/>
                <test description="File &quot;out30&quot;" method="manual"/>
                <test description="File &quot;out31&quot;" method="manual"/>
                <test description="File &quot;out32&quot;" method="manual"/>
                <test description="File &quot;out33&quot;" method="manual"/>
                <test description="File &quot;out34&quot;" method="manual"/>
                <test description="File &quot;out35&quot;" method="manual"/>
                <test description="File &quot;out36&quot;" method="manual"/>
                <test description="File &quot;out37&quot;" method="manual"/>
                <test description="File &quot;out38&quot;" method="manual"/>
                <test description="File &quot;out39&quot;" method="manual"/>
                <test description="File &quot;out40&quot;" method="manual"/>
                <test description="File &quot;out41&quot;" method="manual"/>
                <test description="File &quot;out42&quot;" method="manual"/>
                <test description="File &quot;out43&quot;" method="manual"/>
                <test description="File &quot;out44&quot;" method="manual"/>
                <test description="File &quot;out45&quot;" method="manual"/>
                <test description="File &quot;out46&quot;" method="manual"/>
                <test description="File &quot;out47&quot;" method="manual"/>
                <test description="File &quot;out48&quot;" method="manual"/>
                <test description="File &quot;out49&quot;" method="manual"/>
                <test description="File &quot;out50&quot;" method="manual"/>
                <test description="File &quot;out51&quot;" method="manual"/>
                <test description="File &quot;out52&quot;" method="manual"/>
                <test description="File &quot;out53&quot;" method="manual"/>
                <test description="File &quot;out54&quot;" method="manual"/>
                <test description="File &quot;out55&quot;" method="manual"/>
                <test description="File &quot;out56&quot;" method="manual"/>
                <test description="File &quot;out57&quot;" method="manual"/>
                <test description="File &quot;out58&quot;" method="manual"/>
                <test description="File &quot;out59&quot;" method="manual"/>
                <test description="File &quot;out60&quot;" method="manual"/>
                <test description="File &quot;out61&quot;" method="manual"/>
                <test description="File &quot;out62&quot;" method="manual"/>
                <test description="File &quot;out63&quot;" method="manual"/>
                <test description="File &quot;out64&quot;" method="manual"/>
                <test description="File &quot;out65&quot;" method="manual"/>
                <test description="File &quot;out66&quot;" method="manual"/>
                <test description="File &quot;out67&quot;" method="manual"/>
                <test description="File &quot;out68&quot;" method="manual"/>
                <test description="File &quot;out69&quot;" method="manual"/>
                <test description="File &quot;out70&quot;" method="manual"/>
                <test description="File &quot;out71&quot;" method="manual"/>
                <test description="File &quot;out72&quot;" method="manual"/>
                <test description="File &quot;out73&quot;" method="manual"/>
                <test description="File &quot;out74&quot;" method="manual"/>
                <test description="File &quot;out75&quot;" method="manual"/>
                <test description="File &quot;out76&quot;" method="manual"/>
                <test description="File &quot;out77&quot;" method="manual"/>
                <test description="File &quot;out78&quot;" method="manual"/>
                <test description="File &quot;out79&quot;" method="manual"/>
                <test description="File &quot;out80&quot;" method="manual"/>
                <test description="File &quot;out81&quot;" method="manual"/>
                <test description="File &quot;out82&quot;" method="manual"/>
                <test description="File &quot;out83&quot;" method="manual"/>
                <test description="File &quot;out84&quot;" method="manual"/>
                <test description="File &quot;out85&quot;" method="manual"/>
                <test description="File &quot;out86&quot;" method="manual"/>
                <test description="File &quot;out87&quot;" method="manual"/>
                <test description="File &quot;out88&quot;" method="manual"/>
                <test description="File &quot;out89&quot;" method="manual"/>
                <test description="File &quot;out90&quot;" method="manual"/>
                <test description="File &quot;out91&quot;" method="manual"/>
                <test description="File &quot;out92&quot;" method="manual"/>
                <test description="File &quot;out93&quot;" method="manual"/>
                <test description="File &quot;out94&quot;" method="manual"/>
                <test description="File &quot;out95&quot;" method="manual"/>
                <test description="File &quot;out96&quot;" method="manual"/>
                <test description="File &quot;out97&quot;" method="manual"/>
                <test description="File &quot;out98&quot;" method="manual"/>
                <test description="File &quot;out99&quot;" method="manual"/>
                <test description="File &quot;out100&quot;" method="manual"/>
                <test description="File &quot;out101&quot;" method="manual"/>
                <test description="File &quot;out102&quot;" method="manual"/>
                <test description="File &quot;out103&quot;" method="manual"/>
                <test description="File &quot;out104&quot;" method="manual"/>
                <test description="File &quot;out105&quot;" method="manual"/>
                <test description="File &quot;out106&quot;" method="manual"/>
                <test description="File &quot;out107&quot;" method="manual"/>
                <test description="File &quot;out108&quot;" method="manual"/>
                <test description="File &quot;out109&quot;" method="manual"/>
                <test description="File &quot;out110&quot;" method="manual"/>
                <test description="File &quot;out111&quot;" method="manual"/>
                <test description="File &quot;out112&quot;" method="manual"/>
                <test description="File &quot;out113&quot;" method="manual"/>
                <test description="File &quot;out114&quot;" method="manual"/>
                <test description="File &quot;out115&quot;" method="manual"/>
                <test description="File &quot;out116&quot;" method="manual"/>
                <test description="File &quot;out117&quot;" method="manual"/>
                <test description="File &quot;out118&quot;" method="manual"/>
                <test description="File &quot;out119&quot;" method="manual"/>
                <test description="File &quot;out120&quot;" method="manual"/>
                <test description="File &quot;out121&quot;" method="manual"/>
                <test description="File &quot;out122&quot;" method="manual"/>
                <test description="File &quot;out123&quot;" method="manual"/>
                <test description="File &quot;out124&quot;" method="manual"/>
                <test description="File &quot;out125&quot;" method="manual"/>
                <test description="File &quot;out126&quot;" method="manual"/>
                <test description="File &quot;out127&quot;" method="manual"/>
                <test description="File &quot;out128&quot;" method="manual"/>
                <test description="File &quot;out129&quot;" method="manual"/>
                <test description="File &quot;out130&quot;" method="manual"/>
                <test description="File &quot;out131&quot;" method="manual"/>
                <test description="File &quot;out132&quot;" method="manual"/>
                <test description="File &quot;out133&quot;" method="manual"/>
                <test description="File &quot;out134&quot;" method="manual"/>
                <test description="File &quot;out135&quot;" method="manual"/>
                <test description="File &quot;out136&quot;" method="manual"/>
                <test description="File &quot;out137&quot;" method="manual"/>
                <test description="File &quot;out138&quot;" method="manual"/>
                <test description="File &quot;out139&quot;" method="manual"/>
                <test description="File &quot;out140&quot;" method="manual"/>
                <test description="File &quot;out141&quot;" method="manual"/>
                <test description="File &quot;out142&quot;" method="manual"/>
                <test description="File &quot;out143&quot;" method="manual"/>
                <test description="File &quot;out144&quot;" method="manual"/>
                <test description="File &quot;out145&quot;" method="manual"/>
                <test description="File &quot;out146&quot;" method="manual"/>
                <test description="File &quot;out147&quot;" method="manual"/>
                <test description="File &quot;out148&quot;" method="manual"/>
                <test description="File &quot;out149&quot;" method="manual"/>
                <test description="File &quot;out150&quot;" method="manual"/>
                <test description="File &quot;out151&quot;" method="manual"/>
                <test description="File &quot;out152&quot;" method="manual"/>
                <test description="File &quot;out153&quot;" method="manual"/>
                <test description="File &quot;out154&quot;" method="manual"/>
                <test description="File &quot;out155&quot;" method="manual"/>
                <test description="File &quot;out156&quot;" method="manual"/>
                <test description="File &quot;out157&quot;" method="manual"/>
                <test description="File &quot;out158&quot;" method="manual"/>
                <test description="File &quot;out159&quot;" method="manual"/>
                <test description="File &quot;out160&quot;" method="manual"/>
                <test description="File &quot;out161&quot;" method="manual"/>
                <test description="File &quot;out162&quot;" method="manual"/>
                <test description="File &quot;out163&quot;" method="manual"/>
                <test description="File &quot;out164&quot;" method="manual"/>
                <test description="File &quot;out165&quot;" method="manual"/>
                <test description="File &quot;out166&quot;" method="manual"/>
                <test description="File &quot;out167&quot;" method="manual"/>
                <test description="File &quot;out168&quot;" method="manual"/>
                <test description="File &quot;out169&quot;" method="manual"/>
                <test description="File &quot;out170&quot;" method="manual"/>
                <test description="File &quot;out171&quot;" method="manual"/>
                <test description="File &quot;out172&quot;" method="manual"/>
                <test description="File &quot;out173&quot;" method="manual"/>
                <test description="File &quot;out174&quot;" method="manual"/>
                <test description="File &quot;out175&quot;" method="manual"/>
                <test description="File &quot;out176&quot;" method="manual"/>
                <test description="File &quot;out177&quot;" method="manual"/>
                <test description="File &quot;out178&quot;" method="manual"/>
                <test description="File &quot;out179&quot;" method="manual"/>
                <test description="File &quot;out180&quot;" method="manual"/>
                <test description="File &quot;out181&quot;" method="manual"/>
                <test description="File &quot;out182&quot;" method="manual"/>
                <test description="File &quot;out183&quot;" method="manual"/>
                <test description="File &quot;out184&quot;" method="manual"/>
                <test description="File &quot;out185&quot;" method="manual"/>
                <test description="File &quot;out186&quot;" method="manual"/>
                <test description="File &quot;out187&quot;" method="manual"/>
                <test description="File &quot;out188&quot;" method="manual"/>
                <test description="File &quot;out189&quot;" method="manual"/>
                <test description="File &quot;out190&quot;" method="manual"/>
                <test description="File &quot;out191&quot;" method="manual"/>
                <test description="File &quot;out192&quot;" method="manual"/>
                <test description="File &quot;out193&quot;" method="manual"/>
                <test description="File &quot;out194&quot;" method="manual"/>
                <test description="File &quot;out195&quot;" method="manual"/>
                <test description="File &quot;out196&quot;" method="manual"/>
                <test description="File &quot;out197&quot;" method="manual"/>
                <test description="File &quot;out198&quot;" method="manual"/>
                <test description="File &quot;out199&quot;" method="manual"/>
                <test description="File &quot;out201&quot;" method="manual"/>
                <test description="File &quot;out202&quot;" method="manual"/>
                <test description="File &quot;out203&quot;" method="manual"/>
                <test description="File &quot;out204&quot;" method="manual"/>
                <test description="File &quot;out205&quot;" method="manual"/>
                <test description="File &quot;out206&quot;" method="manual"/>
                <test description="File &quot;out207&quot;" method="manual"/>
                <test description="File &quot;out208&quot;" method="manual"/>
                <test description="File &quot;out209&quot;" method="manual"/>
                <test description="File &quot;out210&quot;" method="manual"/>
                <test description="File &quot;out211&quot;" method="manual"/>
                <test description="File &quot;out212&quot;" method="manual"/>
                <test description="File &quot;out213&quot;" method="manual"/>
                <test description="File &quot;out214&quot;" method="manual"/>
                <test description="File &quot;out215&quot;" method="manual"/>
                <test description="File &quot;out216&quot;" method="manual"/>
                <test description="File &quot;out217&quot;" method="manual"/>
                <test description="File &quot;out218&quot;" method="manual"/>
                <test description="File &quot;out219&quot;" method="manual"/>
                <test description="File &quot;out220&quot;" method="manual"/>
                <test description="File &quot;out221&quot;" method="manual"/>
                <test description="File &quot;out222&quot;" method="manual"/>
                <test description="File &quot;out223&quot;" method="manual"/>
                <test description="File &quot;out224&quot;" method="manual"/>
                <test description="File &quot;out225&quot;" method="manual"/>
                <test description="File &quot;out226&quot;" method="manual"/>
                <test description="File &quot;out227&quot;" method="manual"/>
                <test description="File &quot;out228&quot;" method="manual"/>
                <test description="File &quot;out229&quot;" method="manual"/>
                <test description="File &quot;out230&quot;" method="manual"/>
                <test description="File &quot;out231&quot;" method="manual"/>
                <test description="File &quot;out232&quot;" method="manual"/>
                <test description="File &quot;out233&quot;" method="manual"/>
                <test description="File &quot;out234&quot;" method="manual"/>
                <test description="File &quot;out235&quot;" method="manual"/>
                <test description="File &quot;out236&quot;" method="manual"/>
                <test description="File &quot;out237&quot;" method="manual"/>
                <test description="File &quot;out238&quot;" method="manual"/>
                <test description="File &quot;out239&quot;" method="manual"/>
                <test description="File &quot;out240&quot;" method="manual"/>
                <test description="File &quot;out241&quot;" method="manual"/>
                <test description="File &quot;out242&quot;" method="manual"/>
                <test description="File &quot;out243&quot;" method="manual"/>
                <test description="File &quot;out244&quot;" method="manual"/>
                <test description="File &quot;out245&quot;" method="manual"/>
                <test description="File &quot;out246&quot;" method="manual"/>
                <test description="File &quot;out247&quot;" method="manual"/>
                <test description="File &quot;out248&quot;" method="manual"/>
                <test description="File &quot;out249&quot;" method="manual"/>
                <test description="File &quot;out250&quot;" method="manual"/>
                <test description="File &quot;out251&quot;" method="manual"/>
                <test description="File &quot;out252&quot;" method="manual"/>
                <test description="File &quot;out253&quot;" method="manual"/>
                <test description="File &quot;out254&quot;" method="manual"/>
                <test description="File &quot;out255&quot;" method="manual"/>
                <test description="File &quot;out256&quot;" method="manual"/>
                <test description="File &quot;out257&quot;" method="manual"/>
                <test description="File &quot;out258&quot;" method="manual"/>
                <test description="File &quot;out259&quot;" method="manual"/>
                <test description="File &quot;out260&quot;" method="manual"/>
                <test description="File &quot;out261&quot;" method="manual"/>
                <test description="File &quot;out262&quot;" method="manual"/>
                <test description="File &quot;out263&quot;" method="manual"/>
                <test description="File &quot;out264&quot;" method="manual"/>
                <test description="File &quot;out265&quot;" method="manual"/>
                <test description="File &quot;out266&quot;" method="manual"/>
                <test description="File &quot;out267&quot;" method="manual"/>
                <test description="File &quot;out268&quot;" method="manual"/>
                <test description="File &quot;out269&quot;" method="manual"/>
                <test description="File &quot;out270&quot;" method="manual"/>
                <test description="File &quot;out271&quot;" method="manual"/>
                <test description="File &quot;out272&quot;" method="manual"/>
                <test description="File &quot;out273&quot;" method="manual"/>
                <test description="File &quot;out274&quot;" method="manual"/>
                <test description="File &quot;out275&quot;" method="manual"/>
                <test description="File &quot;out276&quot;" method="manual"/>
                <test description="File &quot;out277&quot;" method="manual"/>
                <test description="File &quot;out278&quot;" method="manual"/>
                <test description="File &quot;out279&quot;" method="manual"/>
                <test description="File &quot;out280&quot;" method="manual"/>
                <test description="File &quot;out281&quot;" method="manual"/>
                <test description="File &quot;out282&quot;" method="manual"/>
                <test description="File &quot;out283&quot;" method="manual"/>
                <test description="File &quot;out284&quot;" method="manual"/>
                <test description="File &quot;out285&quot;" method="manual"/>
                <test description="File &quot;out286&quot;" method="manual"/>
                <test description="File &quot;out287&quot;" method="manual"/>
                <test description="File &quot;out288&quot;" method="manual"/>
                <test description="File &quot;out289&quot;" method="manual"/>
                <test description="File &quot;out290&quot;" method="manual"/>
                <test description="File &quot;out291&quot;" method="manual"/>
                <test description="File &quot;out292&quot;" method="manual"/>
                <test description="File &quot;out293&quot;" method="manual"/>
                <test description="File &quot;out294&quot;" method="manual"/>
                <test description="File &quot;out295&quot;" method="manual"/>
                <test description="File &quot;out296&quot;" method="manual"/>
                <test description="File &quot;out297&quot;" method="manual"/>
                <test description="File &quot;out298&quot;" method="manual"/>
                <test description="File &quot;out299&quot;" method="manual"/>
                <test description="File &quot;out300&quot;" method="manual"/>
                <test description="File &quot;out301&quot;" method="manual"/>
                <test description="File &quot;out302&quot;" method="manual"/>
                <test description="File &quot;out303&quot;" method="manual"/>
                <test description="File &quot;out304&quot;" method="manual"/>
                <test description="File &quot;out305&quot;" method="manual"/>
                <test description="File &quot;out306&quot;" method="manual"/>
                <test description="File &quot;out307&quot;" method="manual"/>
                <test description="File &quot;out308&quot;" method="manual"/>
                <test description="File &quot;out309&quot;" method="manual"/>
                <test description="File &quot;out310&quot;" method="manual"/>
                <test description="File &quot;out311&quot;" method="manual"/>
                <test description="File &quot;out312&quot;" method="manual"/>
                <test description="File &quot;out313&quot;" method="manual"/>
                <test description="File &quot;out314&quot;" method="manual"/>
                <test description="File &quot;out315&quot;" method="manual"/>
                <test description="File &quot;out316&quot;" method="manual"/>
                <test description="File &quot;out317&quot;" method="manual"/>
                <test description="File &quot;out318&quot;" method="manual"/>
                <test description="File &quot;out319&quot;" method="manual"/>
                <test description="File &quot;out320&quot;" method="manual"/>
                <test description="File &quot;out321&quot;" method="manual"/>
                <test description="File &quot;out322&quot;" method="manual"/>
                <test description="File &quot;out323&quot;" method="manual"/>
                <test description="File &quot;out324&quot;" method="manual"/>
                <test description="File &quot;out325&quot;" method="manual"/>
                <test description="File &quot;out326&quot;" method="manual"/>
                <test description="File &quot;out327&quot;" method="manual"/>
                <test description="File &quot;out328&quot;" method="manual"/>
                <test description="File &quot;out329&quot;" method="manual"/>
                <test description="File &quot;out330&quot;" method="manual"/>
                <test description="File &quot;out331&quot;" method="manual"/>
                <test description="File &quot;out332&quot;" method="manual"/>
                <test description="File &quot;out333&quot;" method="manual"/>
                <test description="File &quot;out334&quot;" method="manual"/>
                <test description="File &quot;out335&quot;" method="manual"/>
                <test description="File &quot;out336&quot;" method="manual"/>
                <test description="File &quot;out337&quot;" method="manual"/>
                <test description="File &quot;out338&quot;" method="manual"/>
                <test description="File &quot;out339&quot;" method="manual"/>
                <test description="File &quot;out340&quot;" method="manual"/>
                <test description="File &quot;out341&quot;" method="manual"/>
                <test description="File &quot;out342&quot;" method="manual"/>
                <test description="File &quot;out343&quot;" method="manual"/>
                <test description="File &quot;out344&quot;" method="manual"/>
                <test description="File &quot;out345&quot;" method="manual"/>
                <test description="File &quot;out346&quot;" method="manual"/>
                <test description="File &quot;out347&quot;" method="manual"/>
                <test description="File &quot;out348&quot;" method="manual"/>
                <test description="File &quot;out349&quot;" method="manual"/>
                <test description="File &quot;out350&quot;" method="manual"/>
                <test description="File &quot;out351&quot;" method="manual"/>
                <test description="File &quot;out352&quot;" method="manual"/>
                <test description="File &quot;out353&quot;" method="manual"/>
                <test description="File &quot;out354&quot;" method="manual"/>
                <test description="File &quot;out355&quot;" method="manual"/>
                <test description="File &quot;out356&quot;" method="manual"/>
                <test description="File &quot;out357&quot;" method="manual"/>
                <test description="File &quot;out358&quot;" method="manual"/>
                <test description="File &quot;out359&quot;" method="manual"/>
                <test description="File &quot;out360&quot;" method="manual"/>
                <test description="File &quot;out361&quot;" method="manual"/>
                <test description="File &quot;out362&quot;" method="manual"/>
                <test description="File &quot;out363&quot;" method="manual"/>
                <test description="File &quot;out364&quot;" method="manual"/>
                <test description="File &quot;out365&quot;" method="manual"/>
                <test description="File &quot;out366&quot;" method="manual"/>
                <test description="File &quot;out367&quot;" method="manual"/>
                <test description="File &quot;out368&quot;" method="manual"/>
                <test description="File &quot;out369&quot;" method="manual"/>
                <test description="File &quot;out370&quot;" method="manual"/>
                <test description="File &quot;out371&quot;" method="manual"/>
                <test description="File &quot;out372&quot;" method="manual"/>
                <test description="File &quot;out373&quot;" method="manual"/>
                <test description="File &quot;out374&quot;" method="manual"/>
                <test description="File &quot;out375&quot;" method="manual"/>
                <test description="File &quot;out376&quot;" method="manual"/>
                <test description="File &quot;out377&quot;" method="manual"/>
                <test description="File &quot;out378&quot;" method="manual"/>
                <test description="File &quot;out379&quot;" method="manual"/>
                <test description="File &quot;out380&quot;" method="manual"/>
                <test description="File &quot;out381&quot;" method="manual"/>
                <test description="File &quot;out382&quot;" method="manual"/>
                <test description="File &quot;out383&quot;" method="manual"/>
                <test description="File &quot;out384&quot;" method="manual"/>
                <test description="File &quot;out385&quot;" method="manual"/>
                <test description="File &quot;out386&quot;" method="manual"/>
                <test description="File &quot;out387&quot;" method="manual"/>
                <test description="File &quot;out388&quot;" method="manual"/>
                <test description="File &quot;out389&quot;" method="manual"/>
                <test description="File &quot;out390&quot;" method="manual"/>
                <test description="File &quot;out391&quot;" method="manual"/>
                <test description="File &quot;out392&quot;" method="manual"/>
                <test description="File &quot;out393&quot;" method="manual"/>
                <test description="File &quot;out394&quot;" method="manual"/>
                <test description="File &quot;out395&quot;" method="manual"/>
                <test description="File &quot;out396&quot;" method="manual"/>
                <test description="File &quot;out397&quot;" method="manual"/>
                <test description="File &quot;out398&quot;" method="manual"/>
                <test description="File &quot;out399&quot;" method="manual"/>
                <test description="File &quot;out401&quot;" method="manual"/>
                <test description="File &quot;out402&quot;" method="manual"/>
                <test description="File &quot;out403&quot;" method="manual"/>
                <test description="File &quot;out404&quot;" method="manual"/>
                <test description="File &quot;out405&quot;" method="manual"/>
                <test description="File &quot;out406&quot;" method="manual"/>
                <test description="File &quot;out407&quot;" method="manual"/>
                <test description="File &quot;out408&quot;" method="manual"/>
                <test description="File &quot;out409&quot;" method="manual"/>
                <test description="File &quot;out410&quot;" method="manual"/>
                <test description="File &quot;out411&quot;" method="manual"/>
                <test description="File &quot;out412&quot;" method="manual"/>
                <test description="File &quot;out413&quot;" method="manual"/>
                <test description="File &quot;out414&quot;" method="manual"/>
                <test description="File &quot;out415&quot;" method="manual"/>
                <test description="File &quot;out416&quot;" method="manual"/>
                <test description="File &quot;out417&quot;" method="manual"/>
                <test description="File &quot;out418&quot;" method="manual"/>
                <test description="File &quot;out419&quot;" method="manual"/>
                <test description="File &quot;out420&quot;" method="manual"/>
                <test description="File &quot;out421&quot;" method="manual"/>
                <test description="File &quot;out422&quot;" method="manual"/>
                <test description="File &quot;out423&quot;" method="manual"/>
                <test description="File &quot;out424&quot;" method="manual"/>
                <test description="File &quot;out425&quot;" method="manual"/>
                <test description="File &quot;out426&quot;" method="manual"/>
                <test description="File &quot;out427&quot;" method="manual"/>
                <test description="File &quot;out428&quot;" method="manual"/>
                <test description="File &quot;out429&quot;" method="manual"/>
                <test description="File &quot;out430&quot;" method="manual"/>
                <test description="File &quot;out431&quot;" method="manual"/>
                <test description="File &quot;out432&quot;" method="manual"/>
                <test description="File &quot;out433&quot;" method="manual"/>
                <test description="File &quot;out434&quot;" method="manual"/>
                <test description="File &quot;out435&quot;" method="manual"/>
                <test description="File &quot;out436&quot;" method="manual"/>
                <test description="File &quot;out437&quot;" method="manual"/>
                <test description="File &quot;out438&quot;" method="manual"/>
                <test description="File &quot;out439&quot;" method="manual"/>
                <test description="File &quot;out440&quot;" method="manual"/>
                <test description="File &quot;out441&quot;" method="manual"/>
                <test description="File &quot;out442&quot;" method="manual"/>
                <test description="File &quot;out443&quot;" method="manual"/>
                <test description="File &quot;out444&quot;" method="manual"/>
                <test description="File &quot;out445&quot;" method="manual"/>
                <test description="File &quot;out446&quot;" method="manual"/>
                <test description="File &quot;out447&quot;" method="manual"/>
                <test description="File &quot;out448&quot;" method="manual"/>
                <test description="File &quot;out449&quot;" method="manual"/>
                <test description="File &quot;out450&quot;" method="manual"/>
                <test description="File &quot;out451&quot;" method="manual"/>
                <test description="File &quot;out452&quot;" method="manual"/>
                <test description="File &quot;out453&quot;" method="manual"/>
                <test description="File &quot;out454&quot;" method="manual"/>
                <test description="File &quot;out455&quot;" method="manual"/>
                <test description="File &quot;out456&quot;" method="manual"/>
                <test description="File &quot;out457&quot;" method="manual"/>
                <test description="File &quot;out458&quot;" method="manual"/>
                <test description="File &quot;out459&quot;" method="manual"/>
                <test description="File &quot;out460&quot;" method="manual"/>
                <test description="File &quot;out461&quot;" method="manual"/>
                <test description="File &quot;out462&quot;" method="manual"/>
                <test description="File &quot;out463&quot;" method="manual"/>
                <test description="File &quot;out464&quot;" method="manual"/>
                <test description="File &quot;out465&quot;" method="manual"/>
                <test description="File &quot;out466&quot;" method="manual"/>
                <test description="File &quot;out467&quot;" method="manual"/>
                <test description="File &quot;out468&quot;" method="manual"/>
                <test description="File &quot;out469&quot;" method="manual"/>
                <test description="File &quot;out470&quot;" method="manual"/>
                <test description="File &quot;out471&quot;" method="manual"/>
                <test description="File &quot;out472&quot;" method="manual"/>
                <test description="File &quot;out473&quot;" method="manual"/>
                <test description="File &quot;out474&quot;" method="manual"/>
                <test description="File &quot;out475&quot;" method="manual"/>
                <test description="File &quot;out476&quot;" method="manual"/>
                <test description="File &quot;out477&quot;" method="manual"/>
                <test description="File &quot;out478&quot;" method="manual"/>
                <test description="File &quot;out479&quot;" method="manual"/>
                <test description="File &quot;out480&quot;" method="manual"/>
                <test description="File &quot;out481&quot;" method="manual"/>
                <test description="File &quot;out482&quot;" method="manual"/>
                <test description="File &quot;out483&quot;" method="manual"/>
                <test description="File &quot;out484&quot;" method="manual"/>
                <test description="File &quot;out485&quot;" method="manual"/>
                <test description="File &quot;out486&quot;" method="manual"/>
                <test description="File &quot;out487&quot;" method="manual"/>
                <test description="File &quot;out488&quot;" method="manual"/>
                <test description="File &quot;out489&quot;" method="manual"/>
                <test description="File &quot;out490&quot;" method="manual"/>
                <test description="File &quot;out491&quot;" method="manual"/>
                <test description="File &quot;out492&quot;" method="manual"/>
                <test description="File &quot;out493&quot;" method="manual"/>
                <test description="File &quot;out494&quot;" method="manual"/>
                <test description="File &quot;out495&quot;" method="manual"/>
                <test description="File &quot;out496&quot;" method="manual"/>
                <test description="File &quot;out497&quot;" method="manual"/>
                <test description="File &quot;out498&quot;" method="manual"/>
                <test description="File &quot;out499&quot;" method="manual"/>
                <test description="File &quot;out500&quot;" method="manual"/>
                <test description="File &quot;out501&quot;" method="manual"/>
                <test description="File &quot;out502&quot;" method="manual"/>
                <test description="File &quot;out503&quot;" method="manual"/>
                <test description="File &quot;out504&quot;" method="manual"/>
                <test description="File &quot;out505&quot;" method="manual"/>
                <test description="File &quot;out506&quot;" method="manual"/>
                <test description="File &quot;out507&quot;" method="manual"/>
                <test description="File &quot;out508&quot;" method="manual"/>
                <test description="File &quot;out509&quot;" method="manual"/>
                <test description="File &quot;out510&quot;" method="manual"/>
                <test description="File &quot;out511&quot;" method="manual"/>
                <test description="File &quot;out512&quot;" method="manual"/>
                <test description="File &quot;out513&quot;" method="manual"/>
                <test description="File &quot;out514&quot;" method="manual"/>
                <test description="File &quot;out515&quot;" method="manual"/>
                <test description="File &quot;out516&quot;" method="manual"/>
                <test description="File &quot;out517&quot;" method="manual"/>
                <test description="File &quot;out518&quot;" method="manual"/>
                <test description="File &quot;out519&quot;" method="manual"/>
                <test description="File &quot;out520&quot;" method="manual"/>
                <test description="File &quot;out521&quot;" method="manual"/>
                <test description="File &quot;out522&quot;" method="manual"/>
                <test description="File &quot;out523&quot;" method="manual"/>
                <test description="File &quot;out524&quot;" method="manual"/>
                <test description="File &quot;out525&quot;" method="manual"/>
                <test description="File &quot;out526&quot;" method="manual"/>
                <test description="File &quot;out527&quot;" method="manual"/>
                <test description="File &quot;out528&quot;" method="manual"/>
                <test description="File &quot;out529&quot;" method="manual"/>
                <test description="File &quot;out530&quot;" method="manual"/>
                <test description="File &quot;out531&quot;" method="manual"/>
                <test description="File &quot;out532&quot;" method="manual"/>
                <test description="File &quot;out533&quot;" method="manual"/>
                <test description="File &quot;out534&quot;" method="manual"/>
                <test description="File &quot;out535&quot;" method="manual"/>
                <test description="File &quot;out536&quot;" method="manual"/>
                <test description="File &quot;out537&quot;" method="manual"/>
                <test description="File &quot;out538&quot;" method="manual"/>
                <test description="File &quot;out539&quot;" method="manual"/>
                <test description="File &quot;out540&quot;" method="manual"/>
                <test description="File &quot;out541&quot;" method="manual"/>
                <test description="File &quot;out542&quot;" method="manual"/>
                <test description="File &quot;out543&quot;" method="manual"/>
                <test description="File &quot;out544&quot;" method="manual"/>
                <test description="File &quot;out545&quot;" method="manual"/>
                <test description="File &quot;out546&quot;" method="manual"/>
                <test description="File &quot;out547&quot;" method="manual"/>
                <test description="File &quot;out548&quot;" method="manual"/>
                <test description="File &quot;out549&quot;" method="manual"/>
                <test description="File &quot;out550&quot;" method="manual"/>
                <test description="File &quot;out551&quot;" method="manual"/>
                <test description="File &quot;out552&quot;" method="manual"/>
                <test description="File &quot;out553&quot;" method="manual"/>
                <test description="File &quot;out554&quot;" method="manual"/>
                <test description="File &quot;out555&quot;" method="manual"/>
                <test description="File &quot;out556&quot;" method="manual"/>
                <test description="File &quot;out557&quot;" method="manual"/>
                <test description="File &quot;out558&quot;" method="manual"/>
                <test description="File &quot;out559&quot;" method="manual"/>
                <test description="File &quot;out560&quot;" method="manual"/>
                <test description="File &quot;out561&quot;" method="manual"/>
                <test description="File &quot;out562&quot;" method="manual"/>
                <test description="File &quot;out563&quot;" method="manual"/>
                <test description="File &quot;out564&quot;" method="manual"/>
                <test description="File &quot;out565&quot;" method="manual"/>
                <test description="File &quot;out566&quot;" method="manual"/>
                <test description="File &quot;out567&quot;" method="manual"/>
                <test description="File &quot;out568&quot;" method="manual"/>
                <test description="File &quot;out569&quot;" method="manual"/>
                <test description="File &quot;out570&quot;" method="manual"/>
                <test description="File &quot;out571&quot;" method="manual"/>
                <test description="File &quot;out572&quot;" method="manual"/>
                <test description="File &quot;out573&quot;" method="manual"/>
                <test description="File &quot;out574&quot;" method="manual"/>
                <test description="File &quot;out575&quot;" method="manual"/>
                <test description="File &quot;out576&quot;" method="manual"/>
                <test description="File &quot;out577&quot;" method="manual"/>
                <test description="File &quot;out578&quot;" method="manual"/>
                <test description="File &quot;out579&quot;" method="manual"/>
                <test description="File &quot;out580&quot;" method="manual"/>
                <test description="File &quot;out581&quot;" method="manual"/>
                <test description="File &quot;out582&quot;" method="manual"/>
                <test description="File &quot;out583&quot;" method="manual"/>
                <test description="File &quot;out584&quot;" method="manual"/>
                <test description="File &quot;out585&quot;" method="manual"/>
                <test description="File &quot;out586&quot;" method="manual"/>
                <test description="File &quot;out587&quot;" method="manual"/>
                <test description="File &quot;out588&quot;" method="manual"/>
                <test description="File &quot;out589&quot;" method="manual"/>
                <test description="File &quot;out590&quot;" method="manual"/>
                <test description="File &quot;out591&quot;" method="manual"/>
                <test description="File &quot;out592&quot;" method="manual"/>
                <test description="File &quot;out593&quot;" method="manual"/>
                <test description="File &quot;out594&quot;" method="manual"/>
                <test description="File &quot;out595&quot;" method="manual"/>
                <test description="File &quot;out596&quot;" method="manual"/>
                <test description="File &quot;out597&quot;" method="manual"/>
                <test description="File &quot;out598&quot;" method="manual"/>
                <test description="File &quot;out599&quot;" method="manual"/>
                <test description="File &quot;out388&quot;" method="manual"/>
                <test description="File &quot;out389&quot;" method="manual"/>
                <test description="File &quot;out390&quot;" method="manual"/>
                <test description="File &quot;out391&quot;" method="manual"/>
                <test description="File &quot;out392&quot;" method="manual"/>
                <test description="File &quot;out393&quot;" method="manual"/>
                <test description="File &quot;out394&quot;" method="manual"/>
                <test description="File &quot;out395&quot;" method="manual"/>
                <test description="File &quot;out396&quot;" method="manual"/>
                <test description="File &quot;out397&quot;" method="manual"/>
                <test description="File &quot;out398&quot;" method="manual"/>
                <test description="File &quot;out399&quot;" method="manual"/>
                <test description="File &quot;out201&quot;" method="manual"/>
                <test description="File &quot;out202&quot;" method="manual"/>
                <test description="File &quot;out203&quot;" method="manual"/>
                <test description="File &quot;out204&quot;" method="manual"/>
                <test description="File &quot;out205&quot;" method="manual"/>
                <test description="File &quot;out206&quot;" method="manual"/>
                <test description="File &quot;out207&quot;" method="manual"/>
                <test description="File &quot;out208&quot;" method="manual"/>
                <test description="File &quot;out209&quot;" method="manual"/>
                <test description="File &quot;out210&quot;" method="manual"/>
                <test description="File &quot;out211&quot;" method="manual"/>
                <test description="File &quot;out212&quot;" method="manual"/>
                <test description="File &quot;out213&quot;" method="manual"/>
                <test description="File &quot;out214&quot;" method="manual"/>
                <test description="File &quot;out215&quot;" method="manual"/>
                <test description="File &quot;out216&quot;" method="manual"/>
                <test description="File &quot;out217&quot;" method="manual"/>
                <test description="File &quot;out218&quot;" method="manual"/>
                <test description="File &quot;out219&quot;" method="manual"/>
                <test description="File &quot;out220&quot;" method="manual"/>
                <test description="File &quot;out221&quot;" method="manual"/>
                <test description="File &quot;out222&quot;" method="manual"/>
                <test description="File &quot;out223&quot;" method="manual"/>
                <test description="File &quot;out224&quot;" method="manual"/>
                <test description="File &quot;out225&quot;" method="manual"/>
                <test description="File &quot;out226&quot;" method="manual"/>
                <test description="File &quot;out227&quot;" method="manual"/>
                <test description="File &quot;out228&quot;" method="manual"/>
                <test description="File &quot;out229&quot;" method="manual"/>
                <test description="File &quot;out230&quot;" method="manual"/>
                <test description="File &quot;out231&quot;" method="manual"/>
                <test description="File &quot;out232&quot;" method="manual"/>
                <test description="File &quot;out233&quot;" method="manual"/>
                <test description="File &quot;out234&quot;" method="manual"/>
                <test description="File &quot;out235&quot;" method="manual"/>
                <test description="File &quot;out236&quot;" method="manual"/>
                <test description="File &quot;out237&quot;" method="manual"/>
                <test description="File &quot;out238&quot;" method="manual"/>
                <test description="File &quot;out239&quot;" method="manual"/>
                <test description="File &quot;out240&quot;" method="manual"/>
                <test description="File &quot;out241&quot;" method="manual"/>
                <test description="File &quot;out242&quot;" method="manual"/>
                <test description="File &quot;out243&quot;" method="manual"/>
                <test description="File &quot;out244&quot;" method="manual"/>
                <test description="File &quot;out245&quot;" method="manual"/>
                <test description="File &quot;out246&quot;" method="manual"/>
                <test description="File &quot;out247&quot;" method="manual"/>
                <test description="File &quot;out248&quot;" method="manual"/>
                <test description="File &quot;out249&quot;" method="manual"/>
                <test description="File &quot;out250&quot;" method="manual"/>
                <test description="File &quot;out251&quot;" method="manual"/>
                <test description="File &quot;out252&quot;" method="manual"/>
                <test description="File &quot;out253&quot;" method="manual"/>
                <test description="File &quot;out254&quot;" method="manual"/>
                <test description="File &quot;out255&quot;" method="manual"/>
                <test description="File &quot;out256&quot;" method="manual"/>
                <test description="File &quot;out257&quot;" method="manual"/>
                <test description="File &quot;out258&quot;" method="manual"/>
                <test description="File &quot;out259&quot;" method="manual"/>
                <test description="File &quot;out260&quot;" method="manual"/>
                <test description="File &quot;out261&quot;" method="manual"/>
                <test description="File &quot;out262&quot;" method="manual"/>
                <test description="File &quot;out263&quot;" method="manual"/>
                <test description="File &quot;out264&quot;" method="manual"/>
                <test description="File &quot;out265&quot;" method="manual"/>
                <test description="File &quot;out266&quot;" method="manual"/>
                <test description="File &quot;out267&quot;" method="manual"/>
                <test description="File &quot;out268&quot;" method="manual"/>
                <test description="File &quot;out269&quot;" method="manual"/>
                <test description="File &quot;out270&quot;" method="manual"/>
                <test description="File &quot;out271&quot;" method="manual"/>
                <test description="File &quot;out272&quot;" method="manual"/>
                <test description="File &quot;out273&quot;" method="manual"/>
                <test description="File &quot;out274&quot;" method="manual"/>
                <test description="File &quot;out275&quot;" method="manual"/>
                <test description="File &quot;out276&quot;" method="manual"/>
                <test description="File &quot;out277&quot;" method="manual"/>
                <test description="File &quot;out278&quot;" method="manual"/>
                <test description="File &quot;out279&quot;" method="manual"/>
                <test description="File &quot;out280&quot;" method="manual"/>
                <test description="File &quot;out281&quot;" method="manual"/>
                <test description="File &quot;out282&quot;" method="manual"/>
                <test description="File &quot;out283&quot;" method="manual"/>
                <test description="File &quot;out284&quot;" method="manual"/>
                <test description="File &quot;out285&quot;" method="manual"/>
                <test description="File &quot;out286&quot;" method="manual"/>
                <test description="File &quot;out287&quot;" method="manual"/>
                <test description="File &quot;out288&quot;" method="manual"/>
                <test description="File &quot;out289&quot;" method="manual"/>
                <test description="File &quot;out290&quot;" method="manual"/>
                <test description="File &quot;out291&quot;" method="manual"/>
                <test description="File &quot;out292&quot;" method="manual"/>
                <test description="File &quot;out293&quot;" method="manual"/>
                <test description="File &quot;out294&quot;" method="manual"/>
                <test description="File &quot;out295&quot;" method="manual"/>
                <test description="File &quot;out296&quot;" method="manual"/>
                <test description="File &quot;out297&quot;" method="manual"/>
                <test description="File &quot;out298&quot;" method="manual"/>
                <test description="File &quot;out299&quot;" method="manual"/>
                <test description="File &quot;out300&quot;" method="manual"/>
                <test description="File &quot;out301&quot;" method="manual"/>
                <test description="File &quot;out302&quot;" method="manual"/>
                <test description="File &quot;out303&quot;" method="manual"/>
                <test description="File &quot;out304&quot;" method="manual"/>
                <test description="File &quot;out305&quot;" method="manual"/>
                <test description="File &quot;out306&quot;" method="manual"/>
                <test description="File &quot;out307&quot;" method="manual"/>
                <test description="File &quot;out308&quot;" method="manual"/>
                <test description="File &quot;out309&quot;" method="manual"/>
                <test description="File &quot;out310&quot;" method="manual"/>
                <test description="File &quot;out311&quot;" method="manual"/>
                <test description="File &quot;out312&quot;" method="manual"/>
                <test description="File &quot;out313&quot;" method="manual"/>
                <test description="File &quot;out314&quot;" method="manual"/>
                <test description="File &quot;out315&quot;" method="manual"/>
                <test description="File &quot;out316&quot;" method="manual"/>
                <test description="File &quot;out317&quot;" method="manual"/>
                <test description="File &quot;out318&quot;" method="manual"/>
                <test description="File &quot;out319&quot;" method="manual"/>
                <test description="File &quot;out320&quot;" method="manual"/>
                <test description="File &quot;out321&quot;" method="manual"/>
                <test description="File &quot;out322&quot;" method="manual"/>
                <test description="File &quot;out323&quot;" method="manual"/>
                <test description="File &quot;out324&quot;" method="manual"/>
                <test description="File &quot;out325&quot;" method="manual"/>
                <test description="File &quot;out326&quot;" method="manual"/>
                <test description="File &quot;out327&quot;" method="manual"/>
                <test description="File &quot;out328&quot;" method="manual"/>
                <test description="File &quot;out329&quot;" method="manual"/>
                <test description="File &quot;out330&quot;" method="manual"/>
                <test description="File &quot;out331&quot;" method="manual"/>
                <test description="File &quot;out332&quot;" method="manual"/>
                <test description="File &quot;out333&quot;" method="manual"/>
                <test description="File &quot;out334&quot;" method="manual"/>
                <test description="File &quot;out335&quot;" method="manual"/>
                <test description="File &quot;out336&quot;" method="manual"/>
                <test description="File &quot;out337&quot;" method="manual"/>
                <test description="File &quot;out338&quot;" method="manual"/>
                <test description="File &quot;out339&quot;" method="manual"/>
                <test description="File &quot;out340&quot;" method="manual"/>
                <test description="File &quot;out341&quot;" method="manual"/>
                <test description="File &quot;out342&quot;" method="manual"/>
                <test description="File &quot;out343&quot;" method="manual"/>
                <test description="File &quot;out344&quot;" method="manual"/>
                <test description="File &quot;out345&quot;" method="manual"/>
                <test description="File &quot;out346&quot;" method="manual"/>
                <test description="File &quot;out347&quot;" method="manual"/>
                <test description="File &quot;out348&quot;" method="manual"/>
                <test description="File &quot;out349&quot;" method="manual"/>
                <test description="File &quot;out350&quot;" method="manual"/>
                <test description="File &quot;out351&quot;" method="manual"/>
                <test description="File &quot;out352&quot;" method="manual"/>
                <test description="File &quot;out353&quot;" method="manual"/>
                <test description="File &quot;out354&quot;" method="manual"/>
                <test description="File &quot;out355&quot;" method="manual"/>
                <test description="File &quot;out356&quot;" method="manual"/>
                <test description="File &quot;out357&quot;" method="manual"/>
                <test description="File &quot;out358&quot;" method="manual"/>
                <test description="File &quot;out359&quot;" method="manual"/>
                <test description="File &quot;out360&quot;" method="manual"/>
                <test description="File &quot;out361&quot;" method="manual"/>
                <test description="File &quot;out362&quot;" method="manual"/>
                <test description="File &quot;out363&quot;" method="manual"/>
                <test description="File &quot;out364&quot;" method="manual"/>
                <test description="File &quot;out365&quot;" method="manual"/>
                <test description="File &quot;out366&quot;" method="manual"/>
                <test description="File &quot;out367&quot;" method="manual"/>
                <test description="File &quot;out368&quot;" method="manual"/>
                <test description="File &quot;out369&quot;" method="manual"/>
                <test description="File &quot;out370&quot;" method="manual"/>
                <test description="File &quot;out371&quot;" method="manual"/>
                <test description="File &quot;out372&quot;" method="manual"/>
                <test description="File &quot;out373&quot;" method="manual"/>
                <test description="File &quot;out374&quot;" method="manual"/>
                <test description="File &quot;out375&quot;" method="manual"/>
                <test description="File &quot;out376&quot;" method="manual"/>
                <test description="File &quot;out377&quot;" method="manual"/>
                <test description="File &quot;out378&quot;" method="manual"/>
                <test description="File &quot;out379&quot;" method="manual"/>
                <test description="File &quot;out380&quot;" method="manual"/>
                <test description="File &quot;out381&quot;" method="manual"/>
                <test description="File &quot;out382&quot;" method="manual"/>
                <test description="File &quot;out383&quot;" method="manual"/>
                <test description="File &quot;out384&quot;" method="manual"/>
                <test description="File &quot;out385&quot;" method="manual"/>
                <test description="File &quot;out386&quot;" method="manual"/>
                <test description="File &quot;out387&quot;" method="manual"/>
                <test description="File &quot;out788.txt&quot;" method="manual"/>
                <test description="File &quot;out789.txt&quot;" method="manual"/>
                <test description="File &quot;out790.txt&quot;" method="manual"/>
                <test description="File &quot;out791.txt&quot;" method="manual"/>
                <test description="File &quot;out792.txt&quot;" method="manual"/>
                <test description="File &quot;out793.txt&quot;" method="manual"/>
                <test description="File &quot;out794.txt&quot;" method="manual"/>
                <test description="File &quot;out795.txt&quot;" method="manual"/>
                <test description="File &quot;out796.txt&quot;" method="manual"/>
                <test description="File &quot;out797.txt&quot;" method="manual"/>
                <test description="File &quot;out798.txt&quot;" method="manual"/>
                <test description="File &quot;out799.txt&quot;" method="manual"/>
                <test description="File &quot;out601.txt&quot;" method="manual"/>
                <test description="File &quot;out602.txt&quot;" method="manual"/>
                <test description="File &quot;out603.txt&quot;" method="manual"/>
                <test description="File &quot;out604.txt&quot;" method="manual"/>
                <test description="File &quot;out605.txt&quot;" method="manual"/>
                <test description="File &quot;out606.txt&quot;" method="manual"/>
                <test description="File &quot;out607.txt&quot;" method="manual"/>
                <test description="File &quot;out608.txt&quot;" method="manual"/>
                <test description="File &quot;out609.txt&quot;" method="manual"/>
                <test description="File &quot;out610.txt&quot;" method="manual"/>
                <test description="File &quot;out611.txt&quot;" method="manual"/>
                <test description="File &quot;out612.txt&quot;" method="manual"/>
                <test description="File &quot;out613.txt&quot;" method="manual"/>
                <test description="File &quot;out614.txt&quot;" method="manual"/>
                <test description="File &quot;out615.txt&quot;" method="manual"/>
                <test description="File &quot;out616.txt&quot;" method="manual"/>
                <test description="File &quot;out617.txt&quot;" method="manual"/>
                <test description="File &quot;out618.txt&quot;" method="manual"/>
                <test description="File &quot;out619.txt&quot;" method="manual"/>
                <test description="File &quot;out620.txt&quot;" method="manual"/>
                <test description="File &quot;out621.txt&quot;" method="manual"/>
                <test description="File &quot;out622.txt&quot;" method="manual"/>
                <test description="File &quot;out623.txt&quot;" method="manual"/>
                <test description="File &quot;out624.txt&quot;" method="manual"/>
                <test description="File &quot;out625.txt&quot;" method="manual"/>
                <test description="File &quot;out626.txt&quot;" method="manual"/>
                <test description="File &quot;out627.txt&quot;" method="manual"/>
                <test description="File &quot;out628.txt&quot;" method="manual"/>
                <test description="File &quot;out629.txt&quot;" method="manual"/>
                <test description="File &quot;out630.txt&quot;" method="manual"/>
                <test description="File &quot;out631.txt&quot;" method="manual"/>
                <test description="File &quot;out632.txt&quot;" method="manual"/>
                <test description="File &quot;out633.txt&quot;" method="manual"/>
                <test description="File &quot;out634.txt&quot;" method="manual"/>
                <test description="File &quot;out635.txt&quot;" method="manual"/>
                <test description="File &quot;out636.txt&quot;" method="manual"/>
                <test description="File &quot;out637.txt&quot;" method="manual"/>
                <test description="File &quot;out638.txt&quot;" method="manual"/>
                <test description="File &quot;out639.txt&quot;" method="manual"/>
                <test description="File &quot;out640.txt&quot;" method="manual"/>
                <test description="File &quot;out641.txt&quot;" method="manual"/>
                <test description="File &quot;out642.txt&quot;" method="manual"/>
                <test description="File &quot;out643.txt&quot;" method="manual"/>
                <test description="File &quot;out644.txt&quot;" method="manual"/>
                <test description="File &quot;out645.txt&quot;" method="manual"/>
                <test description="File &quot;out646.txt&quot;" method="manual"/>
                <test description="File &quot;out647.txt&quot;" method="manual"/>
                <test description="File &quot;out648.txt&quot;" method="manual"/>
                <test description="File &quot;out649.txt&quot;" method="manual"/>
                <test description="File &quot;out650.txt&quot;" method="manual"/>
                <test description="File &quot;out651.txt&quot;" method="manual"/>
                <test description="File &quot;out652.txt&quot;" method="manual"/>
                <test description="File &quot;out653.txt&quot;" method="manual"/>
                <test description="File &quot;out654.txt&quot;" method="manual"/>
                <test description="File &quot;out655.txt&quot;" method="manual"/>
                <test description="File &quot;out656.txt&quot;" method="manual"/>
                <test description="File &quot;out657.txt&quot;" method="manual"/>
                <test description="File &quot;out658.txt&quot;" method="manual"/>
                <test description="File &quot;out659.txt&quot;" method="manual"/>
                <test description="File &quot;out660.txt&quot;" method="manual"/>
                <test description="File &quot;out661.txt&quot;" method="manual"/>
                <test description="File &quot;out662.txt&quot;" method="manual"/>
                <test description="File &quot;out663.txt&quot;" method="manual"/>
                <test description="File &quot;out664.txt&quot;" method="manual"/>
                <test description="File &quot;out665.txt&quot;" method="manual"/>
                <test description="File &quot;out666.txt&quot;" method="manual"/>
                <test description="File &quot;out667.txt&quot;" method="manual"/>
                <test description="File &quot;out668.txt&quot;" method="manual"/>
                <test description="File &quot;out669.txt&quot;" method="manual"/>
                <test description="File &quot;out670.txt&quot;" method="manual"/>
                <test description="File &quot;out671.txt&quot;" method="manual"/>
                <test description="File &quot;out672.txt&quot;" method="manual"/>
                <test description="File &quot;out673.txt&quot;" method="manual"/>
                <test description="File &quot;out674.txt&quot;" method="manual"/>
                <test description="File &quot;out675.txt&quot;" method="manual"/>
                <test description="File &quot;out676.txt&quot;" method="manual"/>
                <test description="File &quot;out677.txt&quot;" method="manual"/>
                <test description="File &quot;out678.txt&quot;" method="manual"/>
                <test description="File &quot;out679.txt&quot;" method="manual"/>
                <test description="File &quot;out680.txt&quot;" method="manual"/>
                <test description="File &quot;out681.txt&quot;" method="manual"/>
                <test description="File &quot;out682.txt&quot;" method="manual"/>
                <test description="File &quot;out683.txt&quot;" method="manual"/>
                <test description="File &quot;out684.txt&quot;" method="manual"/>
                <test description="File &quot;out685.txt&quot;" method="manual"/>
                <test description="File &quot;out686.txt&quot;" method="manual"/>
                <test description="File &quot;out687.txt&quot;" method="manual"/>
                <test description="File &quot;out688.txt&quot;" method="manual"/>
                <test description="File &quot;out689.txt&quot;" method="manual"/>
                <test description="File &quot;out690.txt&quot;" method="manual"/>
                <test description="File &quot;out691.txt&quot;" method="manual"/>
                <test description="File &quot;out692.txt&quot;" method="manual"/>
                <test description="File &quot;out693.txt&quot;" method="manual"/>
                <test description="File &quot;out694.txt&quot;" method="manual"/>
                <test description="File &quot;out695.txt&quot;" method="manual"/>
                <test description="File &quot;out696.txt&quot;" method="manual"/>
                <test description="File &quot;out697.txt&quot;" method="manual"/>
                <test description="File &quot;out698.txt&quot;" method="manual"/>
                <test description="File &quot;out699.txt&quot;" method="manual"/>
                <test description="File &quot;out700.txt&quot;" method="manual"/>
                <test description="File &quot;out701.txt&quot;" method="manual"/>
                <test description="File &quot;out702.txt&quot;" method="manual"/>
                <test description="File &quot;out703.txt&quot;" method="manual"/>
                <test description="File &quot;out704.txt&quot;" method="manual"/>
                <test description="File &quot;out705.txt&quot;" method="manual"/>
                <test description="File &quot;out706.txt&quot;" method="manual"/>
                <test description="File &quot;out707.txt&quot;" method="manual"/>
                <test description="File &quot;out708.txt&quot;" method="manual"/>
                <test description="File &quot;out709.txt&quot;" method="manual"/>
                <test description="File &quot;out710.txt&quot;" method="manual"/>
                <test description="File &quot;out711.txt&quot;" method="manual"/>
                <test description="File &quot;out712.txt&quot;" method="manual"/>
                <test description="File &quot;out713.txt&quot;" method="manual"/>
                <test description="File &quot;out714.txt&quot;" method="manual"/>
                <test description="File &quot;out715.txt&quot;" method="manual"/>
                <test description="File &quot;out716.txt&quot;" method="manual"/>
                <test description="File &quot;out717.txt&quot;" method="manual"/>
                <test description="File &quot;out718.txt&quot;" method="manual"/>
                <test description="File &quot;out719.txt&quot;" method="manual"/>
                <test description="File &quot;out720.txt&quot;" method="manual"/>
                <test description="File &quot;out721.txt&quot;" method="manual"/>
                <test description="File &quot;out722.txt&quot;" method="manual"/>
                <test description="File &quot;out723.txt&quot;" method="manual"/>
                <test description="File &quot;out724.txt&quot;" method="manual"/>
                <test description="File &quot;out725.txt&quot;" method="manual"/>
                <test description="File &quot;out726.txt&quot;" method="manual"/>
                <test description="File &quot;out727.txt&quot;" method="manual"/>
                <test description="File &quot;out728.txt&quot;" method="manual"/>
                <test description="File &quot;out729.txt&quot;" method="manual"/>
                <test description="File &quot;out730.txt&quot;" method="manual"/>
                <test description="File &quot;out731.txt&quot;" method="manual"/>
                <test description="File &quot;out732.txt&quot;" method="manual"/>
                <test description="File &quot;out733.txt&quot;" method="manual"/>
                <test description="File &quot;out734.txt&quot;" method="manual"/>
                <test description="File &quot;out735.txt&quot;" method="manual"/>
                <test description="File &quot;out736.txt&quot;" method="manual"/>
                <test description="File &quot;out737.txt&quot;" method="manual"/>
                <test description="File &quot;out738.txt&quot;" method="manual"/>
                <test description="File &quot;out739.txt&quot;" method="manual"/>
                <test description="File &quot;out740.txt&quot;" method="manual"/>
                <test description="File &quot;out741.txt&quot;" method="manual"/>
                <test description="File &quot;out742.txt&quot;" method="manual"/>
                <test description="File &quot;out743.txt&quot;" method="manual"/>
                <test description="File &quot;out744.txt&quot;" method="manual"/>
                <test description="File &quot;out745.txt&quot;" method="manual"/>
                <test description="File &quot;out746.txt&quot;" method="manual"/>
                <test description="File &quot;out747.txt&quot;" method="manual"/>
                <test description="File &quot;out748.txt&quot;" method="manual"/>
                <test description="File &quot;out749.txt&quot;" method="manual"/>
                <test description="File &quot;out750.txt&quot;" method="manual"/>
                <test description="File &quot;out751.txt&quot;" method="manual"/>
                <test description="File &quot;out752.txt&quot;" method="manual"/>
                <test description="File &quot;out753.txt&quot;" method="manual"/>
                <test description="File &quot;out754.txt&quot;" method="manual"/>
                <test description="File &quot;out755.txt&quot;" method="manual"/>
                <test description="File &quot;out756.txt&quot;" method="manual"/>
                <test description="File &quot;out757.txt&quot;" method="manual"/>
                <test description="File &quot;out758.txt&quot;" method="manual"/>
                <test description="File &quot;out759.txt&quot;" method="manual"/>
                <test description="File &quot;out760.txt&quot;" method="manual"/>
                <test description="File &quot;out761.txt&quot;" method="manual"/>
                <test description="File &quot;out762.txt&quot;" method="manual"/>
                <test description="File &quot;out763.txt&quot;" method="manual"/>
                <test description="File &quot;out764.txt&quot;" method="manual"/>
                <test description="File &quot;out765.txt&quot;" method="manual"/>
                <test description="File &quot;out766.txt&quot;" method="manual"/>
                <test description="File &quot;out767.txt&quot;" method="manual"/>
                <test description="File &quot;out768.txt&quot;" method="manual"/>
                <test description="File &quot;out769.txt&quot;" method="manual"/>
                <test description="File &quot;out770.txt&quot;" method="manual"/>
                <test description="File &quot;out771.txt&quot;" method="manual"/>
                <test description="File &quot;out772.txt&quot;" method="manual"/>
                <test description="File &quot;out773.txt&quot;" method="manual"/>
                <test description="File &quot;out774.txt&quot;" method="manual"/>
                <test description="File &quot;out775.txt&quot;" method="manual"/>
                <test description="File &quot;out776.txt&quot;" method="manual"/>
                <test description="File &quot;out777.txt&quot;" method="manual"/>
                <test description="File &quot;out778.txt&quot;" method="manual"/>
                <test description="File &quot;out779.txt&quot;" method="manual"/>
                <test description="File &quot;out780.txt&quot;" method="manual"/>
                <test description="File &quot;out781.txt&quot;" method="manual"/>
                <test description="File &quot;out782.txt&quot;" method="manual"/>
                <test description="File &quot;out783.txt&quot;" method="manual"/>
                <test description="File &quot;out784.txt&quot;" method="manual"/>
                <test description="File &quot;out785.txt&quot;" method="manual"/>
                <test description="File &quot;out786.txt&quot;" method="manual"/>
                <test description="File &quot;out787.txt&quot;" method="manual"/>
            </tests>
        </testset>
    </judging>
    <files>
        <resources>
            <file path="files/olymp.sty"/>
            <file path="files/problem.tex"/>
            <file path="files/statements.ftl"/>
            <file path="files/testlib.h" type="h.g++"/>
        </resources>
    </files>
    <assets>
        <checker name="std::ncmp.cpp" type="testlib">
            <source path="files/check.cpp" type="cpp.g++17"/>
            <binary path="check.exe" type="exe.win32"/>
            <copy path="check.cpp"/>
            <testset>
                <test-count>0</test-count>
                <input-path-pattern>files/tests/checker-tests/%02d</input-path-pattern>
                <output-path-pattern>files/tests/checker-tests/%02d.o</output-path-pattern>
                <answer-path-pattern>files/tests/checker-tests/%02d.a</answer-path-pattern>
                <tests/>
            </testset>
        </checker>
        <solutions>
            <solution tag="main">
                <source path="solutions/solution.cpp" type="cpp.g++17"/>
                <binary path="solutions/solution.exe" type="exe.win32"/>
            </solution>
        </solutions>
    </assets>
    <properties>
        <property name="tests-wellformed" value="true"/>
    </properties>
    <stresses>
        <stress-count>0</stress-count>
        <stress-path-pattern>stresses/%03d</stress-path-pattern>
        <list/>
    </stresses>
</problem>
