{"scoring":null,"notes":"","legend":"Mimo knows that Ahmed loves playing with numbers, so he gave him a box full of cards numbered from 1 to n.\r\n\r\nhe can replace one bad card with one that has the value $X+1$ (when X is the biggest value in the box).\r\n \r\na Bad Card is a card that contains a number that is divisible by b.\r\n\r\nhis task is to get the maximum possible value, he can do the above operation any number of times (possibly zero).\r\n\r\nAhmed thought that this problem is too easy and that he wouldn't waste his time on it, so he asked you to solve it cuz Mimo will be upset if no one tried to solve his problem.\r\nCan you do it? ","authorLogin":"A7md_lbanna","language":"english","timeLimit":1000,"output":"print the maximum number you can get.","inputFile":"stdin","outputFile":"stdout","input":"Given two numbers a and b $(2 \\leq a, b \\leq 10^9)$","authorName":"Ahmed El Banna","sampleTests":[{"output":"8","input":"6 3\r\n","inputFile":"example.01","outputFile":"example.01.a"}],"name":"Bad Cards","interaction":null,"memoryLimit":268435456,"tutorial":""}